Country Name,Country Code,Series Name,Series Code,2015 [YR2015],2016 [YR2016],2017 [YR2017],2018 [YR2018],2019 [YR2019],2020 [YR2020],2021 [YR2021]
Afghanistan,AFG,GDP growth (annual %),NY.GDP.MKTP.KD.ZG,1.45131466,2.260314201,2.647003202,1.189228128,3.911603419,-2.351100673,-20.73714562
Albania,ALB,GDP growth (annual %),NY.GDP.MKTP.KD.ZG,2.218726375,3.314980684,3.8022274,4.019359685,2.088063376,-3.481630373,8.515501123
Algeria,DZA,GDP growth (annual %),NY.GDP.MKTP.KD.ZG,3.7,3.2,1.3,1.2,1,-5.1,3.5
American Samoa,ASM,GDP growth (annual %),NY.GDP.MKTP.KD.ZG,3.149606299,-1.679389313,-6.98757764,2.671118531,-0.487804878,5.065359477,-1.866251944
Andorra,AND,GDP growth (annual %),NY.GDP.MKTP.KD.ZG,1.434140395,3.70967807,0.34607189,1.58876549,2.015547638,-11.18393994,8.949417981
Angola,AGO,GDP growth (annual %),NY.GDP.MKTP.KD.ZG,0.939999999,-2.579999996,-0.15,-1.316312102,-0.699999998,-5.6,1.1
Antigua and Barbuda,ATG,GDP growth (annual %),NY.GDP.MKTP.KD.ZG,3.825293099,5.496459204,3.14432324,6.883640817,4.862236166,-20.19237057,5.27084884
Argentina,ARG,GDP growth (annual %),NY.GDP.MKTP.KD.ZG,2.731159828,-2.080327844,2.818502978,-2.617396463,-2.000861003,-9.943235134,10.39824946
Armenia,ARM,GDP growth (annual %),NY.GDP.MKTP.KD.ZG,3.199999999,0.2,7.500000002,5.2,7.599999999,-7.2,5.7
Aruba,ABW,GDP growth (annual %),NY.GDP.MKTP.KD.ZG,3.54362966,2.116716123,5.482371174,5.257855673,0.635029268,-18.58909978,17.17250851
Australia,AUS,GDP growth (annual %),NY.GDP.MKTP.KD.ZG,2.152735906,2.730547992,2.282183642,2.883045123,2.171396224,-0.050885336,2.236212439
Austria,AUT,GDP growth (annual %),NY.GDP.MKTP.KD.ZG,1.014501586,1.989437162,2.258572433,2.425385361,1.517388583,-6.453968467,4.556850913
Azerbaijan,AZE,GDP growth (annual %),NY.GDP.MKTP.KD.ZG,1.093975916,-3.09999988,0.199999939,1.5,2.500000067,-4.300000102,5.600037273
"Bahamas, The",BHS,GDP growth (annual %),NY.GDP.MKTP.KD.ZG,0.996800846,-0.857664319,3.050157348,1.831007794,1.896163703,-23.82260759,13.71973494
Bahrain,BHR,GDP growth (annual %),NY.GDP.MKTP.KD.ZG,2.485378558,3.558128119,4.290949778,2.111130473,2.166964669,-4.935854979,2.225351242
Bangladesh,BGD,GDP growth (annual %),NY.GDP.MKTP.KD.ZG,6.552639879,7.113478213,6.590249998,7.31941263,7.881915151,3.448021455,6.938675089
Barbados,BRB,GDP growth (annual %),NY.GDP.MKTP.KD.ZG,2.472619872,2.533024882,0.456290513,-1.0271391,-0.131147253,-13.31102153,-0.189272866
Belarus,BLR,GDP growth (annual %),NY.GDP.MKTP.KD.ZG,-3.829570558,-2.526446436,2.5321835,3.149197594,1.4,-0.699607614,2.299879412
Belgium,BEL,GDP growth (annual %),NY.GDP.MKTP.KD.ZG,2.041459009,1.266686409,1.619580278,1.792945193,2.24085824,-5.361386633,6.133865964
Belize,BLZ,GDP growth (annual %),NY.GDP.MKTP.KD.ZG,3.367633302,0.113122172,-1.694915254,1.103448276,4.502046385,-13.40295909,15.22613065
Benin,BEN,GDP growth (annual %),NY.GDP.MKTP.KD.ZG,1.77815106,3.339673426,5.671555469,6.697259461,6.865687336,3.848523092,7.155729529
Bermuda,BMU,GDP growth (annual %),NY.GDP.MKTP.KD.ZG,0.7755297,-0.657206304,3.611419837,-0.4328013,0.306266735,-6.837955191,5.41353381
Bhutan,BTN,GDP growth (annual %),NY.GDP.MKTP.KD.ZG,6.642232105,8.127033538,4.651834675,3.055129837,5.755169993,-10.00969926,4.087618798
Bolivia,BOL,GDP growth (annual %),NY.GDP.MKTP.KD.ZG,4.8571873,4.263920838,4.195206301,4.223623511,2.216705778,-8.737884434,6.105804225
Bosnia and Herzegovina,BIH,GDP growth (annual %),NY.GDP.MKTP.KD.ZG,3.089162709,3.149807309,3.171434907,3.740073101,2.831001308,-3.119290515,7.54559113
Botswana,BWA,GDP growth (annual %),NY.GDP.MKTP.KD.ZG,-4.850991817,7.201819029,4.113056143,4.189834074,3.032598741,-8.726408626,11.37002186
Brazil,BRA,GDP growth (annual %),NY.GDP.MKTP.KD.ZG,-3.545763393,-3.275916908,1.322869054,1.783666762,1.220777824,-3.878676334,4.619421621
British Virgin Islands,VGB,GDP growth (annual %),NY.GDP.MKTP.KD.ZG,..,..,..,..,..,..,..
Brunei Darussalam,BRN,GDP growth (annual %),NY.GDP.MKTP.KD.ZG,-0.39238375,-2.477917718,1.328602552,0.052237791,3.869109865,1.13357335,-1.59076248
Bulgaria,BGR,GDP growth (annual %),NY.GDP.MKTP.KD.ZG,3.428054914,3.039825276,2.76217096,2.684760587,4.038142206,-3.958614598,7.634609716
Burkina Faso,BFA,GDP growth (annual %),NY.GDP.MKTP.KD.ZG,3.921228794,5.957976708,6.203489411,6.604569068,5.688115149,1.93032489,6.906341673
Burundi,BDI,GDP growth (annual %),NY.GDP.MKTP.KD.ZG,-3.90000008,-0.600000909,0.500001262,1.609935421,1.812565323,0.327156891,1.7953
Cabo Verde,CPV,GDP growth (annual %),NY.GDP.MKTP.KD.ZG,1.006863707,4.705791509,3.702039188,4.531161684,5.66775246,-14.78340501,6.952448694
Cambodia,KHM,GDP growth (annual %),NY.GDP.MKTP.KD.ZG,6.965797814,6.933313973,6.996903699,7.469169207,7.054106932,-3.096006731,3.026389363
Cameroon,CMR,GDP growth (annual %),NY.GDP.MKTP.KD.ZG,5.666952991,4.535794236,3.541176549,3.95551424,3.475059979,0.259932916,3.649916886
Canada,CAN,GDP growth (annual %),NY.GDP.MKTP.KD.ZG,0.659176864,1.001394414,3.039880225,2.777040554,1.879592028,-5.233024303,4.540887309
Cayman Islands,CYM,GDP growth (annual %),NY.GDP.MKTP.KD.ZG,2.833122226,3.239974339,3.184045923,4.267267452,3.87307586,-5.683975615,1.839256358
Central African Republic,CAF,GDP growth (annual %),NY.GDP.MKTP.KD.ZG,4.33712103,4.750316841,4.527278213,3.789443593,3.1,0.899999997,0.900000007
Chad,TCD,GDP growth (annual %),NY.GDP.MKTP.KD.ZG,2.767675685,-6.255527085,-2.988695986,2.3740378,3.247181917,-1.600006737,-1.199990525
Channel Islands,CHI,GDP growth (annual %),NY.GDP.MKTP.KD.ZG,..,..,..,..,..,..,..
Chile,CHL,GDP growth (annual %),NY.GDP.MKTP.KD.ZG,2.1519425,1.753038749,1.357695373,3.990029478,0.770539584,-5.978224062,11.6682247
China,CHN,GDP growth (annual %),NY.GDP.MKTP.KD.ZG,7.041328879,6.848762205,6.947200793,6.749773833,5.950500754,2.239701857,8.109792581
Colombia,COL,GDP growth (annual %),NY.GDP.MKTP.KD.ZG,2.955901375,2.087382502,1.359360868,2.564324283,3.186855392,-7.048151208,10.67701307
Comoros,COM,GDP growth (annual %),NY.GDP.MKTP.KD.ZG,1.147350761,3.320446562,3.815762877,3.642451138,1.760780239,-0.195556827,2.112195577
"Congo, Dem. Rep.",COD,GDP growth (annual %),NY.GDP.MKTP.KD.ZG,6.91616712,2.399398914,3.726947653,5.8211211,4.384528881,1.735422764,6.200154011
"Congo, Rep.",COG,GDP growth (annual %),NY.GDP.MKTP.KD.ZG,-3.550581765,-10.78323827,-4.382530946,-4.805351558,-0.086885958,-6.239319632,-2.200002606
Costa Rica,CRI,GDP growth (annual %),NY.GDP.MKTP.KD.ZG,3.652080968,4.204323252,4.157698963,2.615904404,2.417511818,-4.050908171,7.579565299
Cote d'Ivoire,CIV,GDP growth (annual %),NY.GDP.MKTP.KD.ZG,7.194090645,7.179207824,7.359638088,6.89028432,6.231709513,1.978821183,7.03796
Croatia,HRV,GDP growth (annual %),NY.GDP.MKTP.KD.ZG,2.522292277,3.559359482,3.412467822,2.800676199,3.42100553,-8.580343021,13.07220492
Cuba,CUB,GDP growth (annual %),NY.GDP.MKTP.KD.ZG,4.438141959,0.513761468,1.809054399,2.248480393,-0.164839982,-10.94834097,1.254092864
Curacao,CUW,GDP growth (annual %),NY.GDP.MKTP.KD.ZG,0.290948721,-0.873007584,-1.732225675,-2.16688148,-3.371799181,-18.43847185,4.232404629
Cyprus,CYP,GDP growth (annual %),NY.GDP.MKTP.KD.ZG,3.418923188,6.573580202,5.733476139,5.647858201,5.529428549,-4.372474186,6.638926968
Czechia,CZE,GDP growth (annual %),NY.GDP.MKTP.KD.ZG,5.388380838,2.53728452,5.168724304,3.22008807,3.029878663,-5.502967961,3.544223443
Denmark,DNK,GDP growth (annual %),NY.GDP.MKTP.KD.ZG,2.342591108,3.245956985,2.821736341,1.989537315,1.493486959,-1.994607569,4.855707586
Djibouti,DJI,GDP growth (annual %),NY.GDP.MKTP.KD.ZG,7.526108919,7.123432337,5.458091517,4.774416888,5.5451306,1.202022033,4.812477383
Dominica,DMA,GDP growth (annual %),NY.GDP.MKTP.KD.ZG,-2.731503063,2.763647982,-6.618994633,3.547584418,5.502483437,-16.60491154,6.681925718
Dominican Republic,DOM,GDP growth (annual %),NY.GDP.MKTP.KD.ZG,6.927018772,6.659200263,4.666704677,6.982527585,5.05216802,-6.720239373,12.27199023
Ecuador,ECU,GDP growth (annual %),NY.GDP.MKTP.KD.ZG,0.098872608,-1.226383985,2.368386526,1.289291933,0.012105103,-7.787607091,4.235251242
"Egypt, Arab Rep.",EGY,GDP growth (annual %),NY.GDP.MKTP.KD.ZG,4.372019079,4.346643453,4.181221001,5.314121037,5.557683888,3.569669475,3.326742091
El Salvador,SLV,GDP growth (annual %),NY.GDP.MKTP.KD.ZG,2.4,2.5390625,2.247619048,2.412444113,2.437471578,-8.177217438,10.27847612
Equatorial Guinea,GNQ,GDP growth (annual %),NY.GDP.MKTP.KD.ZG,-9.110041149,-8.816417232,-5.667508505,-6.236544067,-5.481825379,-4.241481321,-0.945382917
Eritrea,ERI,GDP growth (annual %),NY.GDP.MKTP.KD.ZG,..,..,..,..,..,..,..
Estonia,EST,GDP growth (annual %),NY.GDP.MKTP.KD.ZG,1.853020046,3.155564814,5.792044675,3.78420085,3.739706682,-0.551001258,8.013462924
Eswatini,SWZ,GDP growth (annual %),NY.GDP.MKTP.KD.ZG,2.227480675,1.062610193,2.026578156,2.368742043,2.703557595,-1.55964259,7.883306402
Ethiopia,ETH,GDP growth (annual %),NY.GDP.MKTP.KD.ZG,10.39246302,9.433482658,9.564189643,6.816147797,8.364085699,6.059530886,5.637303008
Faroe Islands,FRO,GDP growth (annual %),NY.GDP.MKTP.KD.ZG,..,..,..,..,..,..,..
Fiji,FJI,GDP growth (annual %),NY.GDP.MKTP.KD.ZG,4.501199392,2.445652008,5.353364937,3.81235097,-0.581946371,-17.00023502,-5.111607393
Finland,FIN,GDP growth (annual %),NY.GDP.MKTP.KD.ZG,0.543659212,2.811457767,3.19240963,1.139718013,1.224748922,-2.205139373,2.973229356
France,FRA,GDP growth (annual %),NY.GDP.MKTP.KD.ZG,1.112912341,1.095464404,2.291419994,1.865066071,1.842971814,-7.784586492,6.816589136
French Polynesia,PYF,GDP growth (annual %),NY.GDP.MKTP.KD.ZG,3.446946725,3.36664139,2.097448458,2.82447942,2.420144903,-10,1.024255604
Gabon,GAB,GDP growth (annual %),NY.GDP.MKTP.KD.ZG,3.878899395,2.091442208,0.472642031,0.837916581,3.920808795,-1.837761064,1.46228651
"Gambia, The",GMB,GDP growth (annual %),NY.GDP.MKTP.KD.ZG,4.058073804,1.943359655,4.822611249,7.234890333,6.22205316,0.591487288,4.265492162
Georgia,GEO,GDP growth (annual %),NY.GDP.MKTP.KD.ZG,3.02220738,2.90643878,4.842603225,4.842919885,4.982350475,-6.760439817,10.46553729
Germany,DEU,GDP growth (annual %),NY.GDP.MKTP.KD.ZG,1.491931528,2.229999868,2.680231114,0.981232606,1.056603898,-3.696788705,2.626987267
Ghana,GHA,GDP growth (annual %),NY.GDP.MKTP.KD.ZG,2.120759338,3.37346575,8.128894881,6.200077681,6.507774794,0.513941648,5.356477897
Gibraltar,GIB,GDP growth (annual %),NY.GDP.MKTP.KD.ZG,..,..,..,..,..,..,..
Greece,GRC,GDP growth (annual %),NY.GDP.MKTP.KD.ZG,-0.19608763,-0.487173294,1.09214912,1.668428636,1.884341785,-9.004043642,8.434425502
Greenland,GRL,GDP growth (annual %),NY.GDP.MKTP.KD.ZG,-2.529318024,4.68195411,0.052728183,0.623065429,2.271310943,0.35653166,..
Grenada,GRD,GDP growth (annual %),NY.GDP.MKTP.KD.ZG,6.444767824,3.740552601,4.439116408,4.361421988,0.675295897,-13.75592945,4.68794389
Guam,GUM,GDP growth (annual %),NY.GDP.MKTP.KD.ZG,0.825688073,0.181983621,0.890099909,-0.792221822,2.595281307,-11.39218114,1.058095428
Guatemala,GTM,GDP growth (annual %),NY.GDP.MKTP.KD.ZG,4.092170816,2.677802555,3.079851491,3.4068734,4.002315059,-1.764082926,7.980769506
Guinea,GIN,GDP growth (annual %),NY.GDP.MKTP.KD.ZG,3.825910569,10.8206272,10.30000534,6.358491927,5.616914469,4.920266372,3.9
Guinea-Bissau,GNB,GDP growth (annual %),NY.GDP.MKTP.KD.ZG,6.134082941,6.262805638,5.919176626,1.283736703,4.499999992,-2.399999999,3.800002427
Guyana,GUY,GDP growth (annual %),NY.GDP.MKTP.KD.ZG,0.68752121,3.807918837,3.734374061,4.441013589,5.352627426,43.47955594,20.06001095
Haiti,HTI,GDP growth (annual %),NY.GDP.MKTP.KD.ZG,2.562508835,1.812468078,2.510271345,1.667810955,-1.684595081,-3.343372612,-1.798239889
Honduras,HND,GDP growth (annual %),NY.GDP.MKTP.KD.ZG,3.840079971,3.892972197,4.842913911,3.84499477,2.653066255,-8.964760184,12.53409602
"Hong Kong SAR, China",HKG,GDP growth (annual %),NY.GDP.MKTP.KD.ZG,2.387831883,2.17542435,3.796122164,2.846934743,-1.678246464,-6.545008239,6.343106198
Hungary,HUN,GDP growth (annual %),NY.GDP.MKTP.KD.ZG,3.707315979,2.201001893,4.271976016,5.362332259,4.85779236,-4.547263823,7.117315315
Iceland,ISL,GDP growth (annual %),NY.GDP.MKTP.KD.ZG,4.436663719,6.303687107,4.194948829,4.888798244,2.415456092,-6.842296026,4.403044786
India,IND,GDP growth (annual %),NY.GDP.MKTP.KD.ZG,7.996253786,8.256305502,6.795383419,6.453851345,3.73791852,-6.596080522,8.681228731
Indonesia,IDN,GDP growth (annual %),NY.GDP.MKTP.KD.ZG,4.8763223,5.033069183,5.069785901,5.17429154,5.01928768,-2.065004941,3.691240112
"Iran, Islamic Rep.",IRN,GDP growth (annual %),NY.GDP.MKTP.KD.ZG,-1.424884939,8.815086643,2.758505246,-2.253863607,-2.658206662,3.330288459,4.719777732
Iraq,IRQ,GDP growth (annual %),NY.GDP.MKTP.KD.ZG,4.722864019,13.78737302,-1.819750351,2.633850991,5.513790575,-11.32419926,2.783335435
Ireland,IRL,GDP growth (annual %),NY.GDP.MKTP.KD.ZG,24.37044535,2.006654115,9.005342424,8.527541391,5.440937334,6.184538039,13.58824711
Isle of Man,IMN,GDP growth (annual %),NY.GDP.MKTP.KD.ZG,-0.385798408,6.952311475,4.688811187,2.213403992,0.25486132,..,..
Israel,ISR,GDP growth (annual %),NY.GDP.MKTP.KD.ZG,2.485826289,4.521680309,4.276595951,4.070321887,4.156137989,-1.857289278,8.611990348
Italy,ITA,GDP growth (annual %),NY.GDP.MKTP.KD.ZG,0.778304351,1.293462732,1.667859041,0.925810941,0.483198317,-9.039953411,6.737277123
Jamaica,JAM,GDP growth (annual %),NY.GDP.MKTP.KD.ZG,0.921487125,1.375223064,0.997123062,1.889923681,0.892291654,-10,4.6
Japan,JPN,GDP growth (annual %),NY.GDP.MKTP.KD.ZG,1.560626697,0.753826746,1.675331752,0.584068067,-0.240350841,-4.506904542,1.657071117
Jordan,JOR,GDP growth (annual %),NY.GDP.MKTP.KD.ZG,2.496528695,1.994180818,2.473598525,1.91907105,1.927372025,-1.569473361,2.228138413
Kazakhstan,KAZ,GDP growth (annual %),NY.GDP.MKTP.KD.ZG,1.2,1.1,4.1,4.1,4.5,-2.5,4.3
Kenya,KEN,GDP growth (annual %),NY.GDP.MKTP.KD.ZG,4.967721128,4.213517068,3.837958174,5.647946407,5.114158858,-0.250155705,7.517355387
Kiribati,KIR,GDP growth (annual %),NY.GDP.MKTP.KD.ZG,9.865174721,-0.478196755,-0.244658832,5.274150125,-0.539607341,-0.547003796,1.499998904
"Korea, Dem. People's Rep.",PRK,GDP growth (annual %),NY.GDP.MKTP.KD.ZG,..,..,..,..,..,..,..
"Korea, Rep.",KOR,GDP growth (annual %),NY.GDP.MKTP.KD.ZG,2.809103268,2.946881715,3.15963574,2.907403774,2.24397786,-0.709415359,4.145323954
Kosovo,XKX,GDP growth (annual %),NY.GDP.MKTP.KD.ZG,5.916270444,5.571756507,4.825690427,3.406631008,4.756830619,-5.340275302,10.74561161
Kuwait,KWT,GDP growth (annual %),NY.GDP.MKTP.KD.ZG,0.593019617,2.925868226,-4.712106209,2.433981268,-0.551959288,-8.855278923,..
Kyrgyz Republic,KGZ,GDP growth (annual %),NY.GDP.MKTP.KD.ZG,3.875825448,4.335855917,4.739937225,3.757910125,4.600625666,-8.398364296,3.610612695
Lao PDR,LAO,GDP growth (annual %),NY.GDP.MKTP.KD.ZG,7.270065843,7.022836255,6.892530873,6.247960008,5.457735092,0.50303183,2.528351001
Latvia,LVA,GDP growth (annual %),NY.GDP.MKTP.KD.ZG,3.885260054,2.368614747,3.312475936,3.991854505,2.569703888,-2.202985338,4.068073863
Lebanon,LBN,GDP growth (annual %),NY.GDP.MKTP.KD.ZG,0.462320792,1.55454941,0.782014001,-1.702174807,-7.15724707,-21.39989992,-7.00123936
Lesotho,LSO,GDP growth (annual %),NY.GDP.MKTP.KD.ZG,3.127557724,3.605400048,-3.138174923,0.071538723,0.92750332,-8.356395734,1.347623155
Liberia,LBR,GDP growth (annual %),NY.GDP.MKTP.KD.ZG,-0.01856497,-1.554958617,2.45515592,1.157575122,-2.467297635,-2.982491276,4.986712835
Libya,LBY,GDP growth (annual %),NY.GDP.MKTP.KD.ZG,-0.842656252,-1.490941117,32.49180219,7.941367853,-11.19569459,-23.92978245,31.37242223
Liechtenstein,LIE,GDP growth (annual %),NY.GDP.MKTP.KD.ZG,..,..,..,..,..,..,..
Lithuania,LTU,GDP growth (annual %),NY.GDP.MKTP.KD.ZG,2.024583955,2.518828273,4.282596951,3.993310328,4.625103139,-0.021762974,5.981032113
Luxembourg,LUX,GDP growth (annual %),NY.GDP.MKTP.KD.ZG,2.269784484,4.978190437,1.317187663,1.219321919,2.319925201,-0.797435589,5.102455447
"Macao SAR, China",MAC,GDP growth (annual %),NY.GDP.MKTP.KD.ZG,-21.51440527,-0.679060845,9.983305509,6.464667694,-2.511937846,-54.23590002,19.26705638
Madagascar,MDG,GDP growth (annual %),NY.GDP.MKTP.KD.ZG,3.132298073,3.993146064,3.933307595,3.194356515,4.41123213,-7.137671622,4.40234
Malawi,MWI,GDP growth (annual %),NY.GDP.MKTP.KD.ZG,2.8,2.484040626,4.000030516,4.391688296,5.448181336,0.799998331,2.751416408
Malaysia,MYS,GDP growth (annual %),NY.GDP.MKTP.KD.ZG,5.091532422,4.449781398,5.81272241,4.843086976,4.413190208,-5.534456218,3.09215965
Maldives,MDV,GDP growth (annual %),NY.GDP.MKTP.KD.ZG,2.88454853,6.338300636,7.209910123,8.123128908,7.097466015,-33.49279579,41.74510055
Mali,MLI,GDP growth (annual %),NY.GDP.MKTP.KD.ZG,6.171800024,5.852299199,5.305456084,4.746484327,4.756160808,-1.235450447,3.052613569
Malta,MLT,GDP growth (annual %),NY.GDP.MKTP.KD.ZG,9.608131222,3.381115768,10.92532923,6.168984106,5.917344507,-8.324283232,10.2977636
Marshall Islands,MHL,GDP growth (annual %),NY.GDP.MKTP.KD.ZG,2.111108569,2.016095319,3.410419703,4.194018756,10.83921368,-1.841596424,1.114795058
Mauritania,MRT,GDP growth (annual %),NY.GDP.MKTP.KD.ZG,5.376339237,1.260909224,6.270545694,4.772173639,5.296637357,-0.938516151,2.445368273
Mauritius,MUS,GDP growth (annual %),NY.GDP.MKTP.KD.ZG,3.690556904,3.862468263,3.937983806,4.006740572,2.891464957,-14.59739843,3.703611124
Mexico,MEX,GDP growth (annual %),NY.GDP.MKTP.KD.ZG,3.293151528,2.630532425,2.113129135,2.194994725,-0.199047772,-7.98791234,4.720565298
"Micronesia, Fed. Sts.",FSM,GDP growth (annual %),NY.GDP.MKTP.KD.ZG,4.621884004,0.900180417,2.682185944,0.2116536,1.174799228,-1.765415152,-3.188187197
Moldova,MDA,GDP growth (annual %),NY.GDP.MKTP.KD.ZG,-0.338235559,4.408886709,4.690793676,4.301477757,3.683403898,-7.380182154,13.9445896
Monaco,MCO,GDP growth (annual %),NY.GDP.MKTP.KD.ZG,4.863473211,3.451551047,-3.500961422,5.95627042,6.905665492,-12.96513471,21.5535607
Mongolia,MNG,GDP growth (annual %),NY.GDP.MKTP.KD.ZG,2.379835807,1.489784485,5.63687639,7.74488062,5.602244219,-4.557751973,1.636769576
Montenegro,MNE,GDP growth (annual %),NY.GDP.MKTP.KD.ZG,3.390381397,2.949280321,4.716465276,5.077888811,4.062944992,-15.30689376,12.43435899
Morocco,MAR,GDP growth (annual %),NY.GDP.MKTP.KD.ZG,4.344582976,0.521185509,5.057898157,3.065641334,2.890974761,-7.187079581,7.929667942
Mozambique,MOZ,GDP growth (annual %),NY.GDP.MKTP.KD.ZG,6.72327878,3.824214319,3.741317593,3.44381384,2.31460601,-1.233905711,2.363988418
Myanmar,MMR,GDP growth (annual %),NY.GDP.MKTP.KD.ZG,3.277279417,10.50778078,5.7500645,6.404977325,6.750460146,3.1737744,-17.9129448
Namibia,NAM,GDP growth (annual %),NY.GDP.MKTP.KD.ZG,4.264174529,0.033794488,-1.027250823,1.059943443,-0.839154678,-8.036213662,2.65605082
Nauru,NRU,GDP growth (annual %),NY.GDP.MKTP.KD.ZG,3.703703704,3.571428571,-5.747126437,6.097560976,0,1.149425287,1.5
Nepal,NPL,GDP growth (annual %),NY.GDP.MKTP.KD.ZG,3.976053274,0.433113718,8.977279354,7.622376108,6.657055428,-2.369620627,4.246940141
Netherlands,NLD,GDP growth (annual %),NY.GDP.MKTP.KD.ZG,1.959169721,2.191713719,2.910902513,2.360915095,1.955588416,-3.886083918,4.863219149
New Caledonia,NCL,GDP growth (annual %),NY.GDP.MKTP.KD.ZG,..,..,..,..,..,..,..
New Zealand,NZL,GDP growth (annual %),NY.GDP.MKTP.KD.ZG,3.744332198,3.767447717,3.578278276,3.359219548,2.192477216,-1.252664529,3.71401012
Nicaragua,NIC,GDP growth (annual %),NY.GDP.MKTP.KD.ZG,4.792056766,4.563515388,4.630795521,-3.363705717,-3.779333196,-1.789975444,10.3443407
Niger,NER,GDP growth (annual %),NY.GDP.MKTP.KD.ZG,4.392648832,5.740893151,5.001359945,7.210803008,5.941396863,3.550227506,1.387129177
Nigeria,NGA,GDP growth (annual %),NY.GDP.MKTP.KD.ZG,2.652693295,-1.61686895,0.80588662,1.922757342,2.208429277,-1.794253082,3.647186541
North Macedonia,MKD,GDP growth (annual %),NY.GDP.MKTP.KD.ZG,3.85586514,2.848205194,1.081772738,2.88059671,3.910419538,-6.110886711,3.964264171
Northern Mariana Islands,MNP,GDP growth (annual %),NY.GDP.MKTP.KD.ZG,3.383458647,29.21212121,23.17073171,-19.34501142,-11.14258735,..,..
Norway,NOR,GDP growth (annual %),NY.GDP.MKTP.KD.ZG,1.967128438,1.071558977,2.323290208,1.118828479,0.745798219,-0.717182669,3.880936036
Oman,OMN,GDP growth (annual %),NY.GDP.MKTP.KD.ZG,5.017057997,5.046423946,0.304057566,1.287103915,-1.128711062,-3.3797144,3.092276687
Pakistan,PAK,GDP growth (annual %),NY.GDP.MKTP.KD.ZG,4.731147475,5.526735845,4.432625907,6.151702611,2.497636929,-1.274087443,6.487086774
Palau,PLW,GDP growth (annual %),NY.GDP.MKTP.KD.ZG,7.539063225,-0.083373224,-4.078810923,0.108108108,0.395968323,-9.107206884,-13.33333333
Panama,PAN,GDP growth (annual %),NY.GDP.MKTP.KD.ZG,5.733054296,4.953211423,5.591148876,3.685429938,2.979772001,-17.9448936,15.33587393
Papua New Guinea,PNG,GDP growth (annual %),NY.GDP.MKTP.KD.ZG,6.578356323,5.489573153,3.534610818,-0.279252285,4.480430622,-3.167381176,0.3
Paraguay,PRY,GDP growth (annual %),NY.GDP.MKTP.KD.ZG,2.957151735,4.268025833,4.810078856,3.204250341,-0.401855101,-0.819785391,4.102413415
Peru,PER,GDP growth (annual %),NY.GDP.MKTP.KD.ZG,3.252244772,3.953318715,2.518835442,3.969351341,2.240631769,-10.95269893,13.34950908
Philippines,PHL,GDP growth (annual %),NY.GDP.MKTP.KD.ZG,6.348309717,7.14945675,6.930988326,6.341485572,6.118525662,-9.518294741,5.703155968
Poland,POL,GDP growth (annual %),NY.GDP.MKTP.KD.ZG,4.383298635,2.953508842,5.140017574,5.945208477,4.449987879,-2.020070734,6.847713362
Portugal,PRT,GDP growth (annual %),NY.GDP.MKTP.KD.ZG,1.792046046,2.019485396,3.506345285,2.849325934,2.682759921,-8.300516042,5.482391708
Puerto Rico,PRI,GDP growth (annual %),NY.GDP.MKTP.KD.ZG,-1.049443651,-1.263002925,-2.885954759,-4.360606061,1.675063105,-4.353426337,0.207432829
Qatar,QAT,GDP growth (annual %),NY.GDP.MKTP.KD.ZG,4.753345724,3.064191884,-1.497604702,1.234872202,0.774808381,-3.640449798,1.590756954
Romania,ROU,GDP growth (annual %),NY.GDP.MKTP.KD.ZG,3.16050387,2.857546057,8.196506503,6.029019041,3.853163833,-3.677510791,5.100128197
Russian Federation,RUS,GDP growth (annual %),NY.GDP.MKTP.KD.ZG,-1.972719226,0.193690072,1.825790064,2.80724541,2.198075714,-2.663757511,4.7495841
Rwanda,RWA,GDP growth (annual %),NY.GDP.MKTP.KD.ZG,8.856861325,5.970744298,3.976289694,8.579437537,9.460597561,-3.35885332,10.88451916
Samoa,WSM,GDP growth (annual %),NY.GDP.MKTP.KD.ZG,3.850361817,7.983862878,1.4062824,-0.609647103,4.451858917,-3.108444011,-7.084587997
San Marino,SMR,GDP growth (annual %),NY.GDP.MKTP.KD.ZG,2.291505561,2.344405861,0.258265466,1.493905318,2.065685147,-6.647910818,..
Sao Tome and Principe,STP,GDP growth (annual %),NY.GDP.MKTP.KD.ZG,3.911337989,4.164768974,3.848980918,2.945268909,2.210855833,3.024567669,1.877923038
Saudi Arabia,SAU,GDP growth (annual %),NY.GDP.MKTP.KD.ZG,4.106393864,1.670664257,-0.741528418,2.5141658,0.333780755,-4.137670376,3.240929768
Senegal,SEN,GDP growth (annual %),NY.GDP.MKTP.KD.ZG,6.367043651,6.369684417,7.393737497,6.209241034,4.613628097,1.325505141,6.064495968
Serbia,SRB,GDP growth (annual %),NY.GDP.MKTP.KD.ZG,1.806059265,3.338586765,2.101163847,4.495121293,4.331734906,-0.903218502,7.549912535
Seychelles,SYC,GDP growth (annual %),NY.GDP.MKTP.KD.ZG,5.637314488,5.353071513,4.511094855,3.198883963,3.09986953,-7.692672469,7.86188242
Sierra Leone,SLE,GDP growth (annual %),NY.GDP.MKTP.KD.ZG,-20.59877072,6.055474029,4.192610074,3.46460214,5.254241203,-1.96894782,4.104700089
Singapore,SGP,GDP growth (annual %),NY.GDP.MKTP.KD.ZG,2.976799316,3.56169799,4.661435049,3.661304994,1.095672567,-4.143105621,7.613962615
Sint Maarten (Dutch part),SXM,GDP growth (annual %),NY.GDP.MKTP.KD.ZG,0.4,0.500001937,-5.800003254,-6.599997737,..,..,..
Slovak Republic,SVK,GDP growth (annual %),NY.GDP.MKTP.KD.ZG,5.167181606,1.943950861,2.938068678,4.030389714,2.519693137,-3.374681766,3.014302861
Slovenia,SVN,GDP growth (annual %),NY.GDP.MKTP.KD.ZG,2.210081607,3.191852518,4.815380632,4.454365747,3.451079244,-4.321369905,8.211062592
Solomon Islands,SLB,GDP growth (annual %),NY.GDP.MKTP.KD.ZG,1.676146156,5.554731534,3.075348034,2.745995423,1.749514287,-3.382047485,-0.202448665
Somalia,SOM,GDP growth (annual %),NY.GDP.MKTP.KD.ZG,15.04994147,8.53229304,2.349582763,7.530969253,7.456521543,2.489374346,4.049110488
South Africa,ZAF,GDP growth (annual %),NY.GDP.MKTP.KD.ZG,1.321862237,0.664552308,1.157946952,1.522329387,0.303453235,-6.342471148,4.913096682
South Sudan,SSD,GDP growth (annual %),NY.GDP.MKTP.KD.ZG,-10.79336463,..,..,..,..,..,..
Spain,ESP,GDP growth (annual %),NY.GDP.MKTP.KD.ZG,3.838518877,3.037774142,2.975760729,2.284469419,1.983966223,-11.32543832,5.519594973
Sri Lanka,LKA,GDP growth (annual %),NY.GDP.MKTP.KD.ZG,4.205955475,5.05362489,6.460681271,2.310084255,-0.220483887,-3.472296819,3.326763818
St. Kitts and Nevis,KNA,GDP growth (annual %),NY.GDP.MKTP.KD.ZG,0.713083369,3.93046385,0.007068824,2.052464636,4.047478875,-14.53207299,-0.879622643
St. Lucia,LCA,GDP growth (annual %),NY.GDP.MKTP.KD.ZG,-1.362037196,3.753021478,3.387056508,2.880820578,-0.650157505,-24.36461878,12.22986221
St. Martin (French part),MAF,GDP growth (annual %),NY.GDP.MKTP.KD.ZG,..,..,..,..,..,..,..
St. Vincent and the Grenadines,VCT,GDP growth (annual %),NY.GDP.MKTP.KD.ZG,2.785223963,4.149565063,1.669364654,3.052342971,0.404010393,-5.31264623,1.352114255
Sudan,SDN,GDP growth (annual %),NY.GDP.MKTP.KD.ZG,1.910176891,3.467642184,0.709256285,-2.68093055,-2.178251045,-3.629800924,-1.868520206
Suriname,SUR,GDP growth (annual %),NY.GDP.MKTP.KD.ZG,-3.411096013,-4.915786469,1.567191065,4.948270766,1.168797882,-15.97519639,-2.729618827
Sweden,SWE,GDP growth (annual %),NY.GDP.MKTP.KD.ZG,4.489281588,2.070593151,2.567924525,1.950022846,1.986195874,-2.170213179,5.075084725
Switzerland,CHE,GDP growth (annual %),NY.GDP.MKTP.KD.ZG,1.644627687,2.068689667,1.362799557,2.860445795,1.141982325,-2.37556328,4.221716577
Syrian Arab Republic,SYR,GDP growth (annual %),NY.GDP.MKTP.KD.ZG,-4.179791613,-6.405590739,-0.723281777,1.393176078,1.220705221,-3.873681686,..
Tajikistan,TJK,GDP growth (annual %),NY.GDP.MKTP.KD.ZG,6.019303318,6.899260206,7.099894057,7.599278842,7.400652432,4.400049702,9.200190431
Tanzania,TZA,GDP growth (annual %),NY.GDP.MKTP.KD.ZG,6.160628774,6.867116196,6.785680114,5.444967601,5.799999977,1.996343506,4.279084542
Thailand,THA,GDP growth (annual %),NY.GDP.MKTP.KD.ZG,3.134047249,3.435157717,4.177681032,4.222870287,2.151656122,-6.19548916,1.533835584
Timor-Leste,TLS,GDP growth (annual %),NY.GDP.MKTP.KD.ZG,2.763221773,3.382977353,-3.057649469,-0.690255803,23.51379081,31.91448717,5.29144192
Togo,TGO,GDP growth (annual %),NY.GDP.MKTP.KD.ZG,5.742868453,5.559079305,4.347748238,4.9762131,5.459921448,1.752824967,5.260594925
Tonga,TON,GDP growth (annual %),NY.GDP.MKTP.KD.ZG,1.171888256,6.571000501,3.322432544,0.24122796,0.706483434,0.488645323,-2.667506175
Trinidad and Tobago,TTO,GDP growth (annual %),NY.GDP.MKTP.KD.ZG,-0.755621962,-6.764439191,-4.706998899,-0.870967846,0.110394047,-7.678331161,-1.026540162
Tunisia,TUN,GDP growth (annual %),NY.GDP.MKTP.KD.ZG,0.967496905,1.118015189,2.244345087,2.590366637,1.503427858,-8.621135487,4.322776357
Turkiye,TUR,GDP growth (annual %),NY.GDP.MKTP.KD.ZG,6.084486904,3.323084208,7.501997489,2.979885258,0.783610198,1.940032245,11.35349641
Turkmenistan,TKM,GDP growth (annual %),NY.GDP.MKTP.KD.ZG,6.49999991,6.199999966,6.500000047,6.199999941,6.3,..,..
Turks and Caicos Islands,TCA,GDP growth (annual %),NY.GDP.MKTP.KD.ZG,11.31483413,7.25118055,-2.490218992,5.610956374,5.324551483,-26.78287693,2.099997677
Tuvalu,TUV,GDP growth (annual %),NY.GDP.MKTP.KD.ZG,10.41666667,5.660377358,1.785714286,1.754385965,13.79310345,1.515151515,2.985074627
Uganda,UGA,GDP growth (annual %),NY.GDP.MKTP.KD.ZG,5.187859862,4.781000291,3.131405518,6.303923781,6.438745034,2.951306422,3.536580341
Ukraine,UKR,GDP growth (annual %),NY.GDP.MKTP.KD.ZG,-9.772987213,2.440981945,2.359972281,3.48836234,3.199503864,-3.7528041,3.4
United Arab Emirates,ARE,GDP growth (annual %),NY.GDP.MKTP.KD.ZG,6.786772879,5.561490755,0.735068713,1.313913881,1.108348139,-4.957052437,3.91629608
United Kingdom,GBR,GDP growth (annual %),NY.GDP.MKTP.KD.ZG,2.393103184,2.165206211,2.44357047,1.705021022,1.604308648,-11.03085846,7.524910374
United States,USA,GDP growth (annual %),NY.GDP.MKTP.KD.ZG,2.706369582,1.667472076,2.241921216,2.945384831,2.294439078,-2.767802511,5.945484761
Uruguay,URY,GDP growth (annual %),NY.GDP.MKTP.KD.ZG,0.370741265,1.689798164,1.627753973,0.477907184,0.350447153,-6.12147628,4.367009316
Uzbekistan,UZB,GDP growth (annual %),NY.GDP.MKTP.KD.ZG,7.218773508,5.9321508,4.395274633,5.354996888,5.709632222,1.886245259,7.420110242
Vanuatu,VUT,GDP growth (annual %),NY.GDP.MKTP.KD.ZG,0.366522075,4.688756366,6.317305384,2.900230273,3.241187655,-5.396254215,0.449256481
"Venezuela, RB",VEN,GDP growth (annual %),NY.GDP.MKTP.KD.ZG,..,..,..,..,..,..,..
Vietnam,VNM,GDP growth (annual %),NY.GDP.MKTP.KD.ZG,6.987166724,6.690009213,6.940187782,7.464991257,7.359281,2.865411946,2.561551142
Virgin Islands (U.S.),VIR,GDP growth (annual %),NY.GDP.MKTP.KD.ZG,-0.425079702,1.600853789,-0.735294118,1.904761905,2.777777778,-2.14700682,..
West Bank and Gaza,PSE,GDP growth (annual %),NY.GDP.MKTP.KD.ZG,3.721299671,8.86461882,1.419367563,1.227077378,1.362687466,-11.31846611,7.050450938
"Yemen, Rep.",YEM,GDP growth (annual %),NY.GDP.MKTP.KD.ZG,-27.99454625,-9.375123818,-5.071795639,0.752447588,..,..,..
Zambia,ZMB,GDP growth (annual %),NY.GDP.MKTP.KD.ZG,2.920375112,3.776679146,3.504336096,4.034493897,1.441306026,-2.785055065,4.598734039
Zimbabwe,ZWE,GDP growth (annual %),NY.GDP.MKTP.KD.ZG,2.023649996,0.900955396,4.080263903,5.009866783,-6.332446407,-7.816950647,8.468016898
Afghanistan,AFG,GDP per capita (current US$),NY.GDP.PCAP.CD,592.4765375,520.252064,530.1498308,502.0567706,500.5226641,516.8665522,368.7546142
Albania,ALB,GDP per capita (current US$),NY.GDP.PCAP.CD,3952.802538,4124.05539,4531.019374,5287.663694,5396.215864,5332.160475,6492.872012
Algeria,DZA,GDP per capita (current US$),NY.GDP.PCAP.CD,4197.421361,3967.199451,4134.93672,4171.795011,4022.150184,3337.252512,3690.627878
American Samoa,ASM,GDP per capita (current US$),NY.GDP.PCAP.CD,13101.54182,13300.82461,12372.88478,13195.9359,13672.57666,15501.52634,15743.31076
Andorra,AND,GDP per capita (current US$),NY.GDP.PCAP.CD,38885.37601,39932.16449,40632.48439,42903.44358,41327.50203,37207.49386,42137.32727
Angola,AGO,GDP per capita (current US$),NY.GDP.PCAP.CD,3100.830685,1709.515534,2283.214233,2487.500996,2142.238757,1603.993477,1953.533757
Antigua and Barbuda,ATG,GDP per capita (current US$),NY.GDP.PCAP.CD,14861.88271,15862.65166,16110.55628,17527.16963,18319.45605,14787.63578,15781.3957
Argentina,ARG,GDP per capita (current US$),NY.GDP.PCAP.CD,13789.06042,12790.24247,14613.04182,11795.15939,9963.672506,8496.424142,10636.1202
Armenia,ARM,GDP per capita (current US$),NY.GDP.PCAP.CD,3666.141876,3679.951972,4041.995021,4391.923697,4828.505178,4505.867364,4966.513471
Aruba,ABW,GDP per capita (current US$),NY.GDP.PCAP.CD,28421.38649,28451.27374,29326.70806,30220.59452,31650.76054,24487.86356,29342.10086
Australia,AUS,GDP per capita (current US$),NY.GDP.PCAP.CD,56710.44572,49875.56514,53936.14025,57207.87151,54941.43418,51720.37076,60443.10916
Austria,AUT,GDP per capita (current US$),NY.GDP.PCAP.CD,44195.81759,45307.58786,47429.15846,51466.55656,50070.40335,48809.22688,53637.70571
Azerbaijan,AZE,GDP per capita (current US$),NY.GDP.PCAP.CD,5500.310382,3880.738731,4147.089716,4739.84171,4805.753718,4229.910649,5387.997975
"Bahamas, The",BHS,GDP per capita (current US$),NY.GDP.PCAP.CD,30206.24043,29887.16488,30969.8762,31738.26716,32610.48505,23862.71099,27478.38963
Bahrain,BHR,GDP per capita (current US$),NY.GDP.PCAP.CD,22795.44886,22867.18112,24349.90987,25415.84662,25869.11291,23501.91946,26562.96914
Bangladesh,BGD,GDP per capita (current US$),NY.GDP.PCAP.CD,1236.00506,1659.961605,1815.609426,1963.411855,2122.078851,2233.305524,2457.92488
Barbados,BRB,GDP per capita (current US$),NY.GDP.PCAP.CD,16990.21947,17343.72544,17843.19793,18224.89059,19002.96238,16643.80658,17225.4623
Belarus,BLR,GDP per capita (current US$),NY.GDP.PCAP.CD,5967.052204,5039.681886,5785.670673,6360.062473,6837.717826,6542.797491,7302.257794
Belgium,BEL,GDP per capita (current US$),NY.GDP.PCAP.CD,41008.29672,42012.62272,44198.48239,47544.98115,46638.68131,45517.79493,51247.01435
Belize,BLZ,GDP per capita (current US$),NY.GDP.PCAP.CD,6142.478833,6148.706961,6100.994681,6059.162553,6210.565543,5266.87616,6228.267309
Benin,BEN,GDP per capita (current US$),NY.GDP.PCAP.CD,1041.652523,1049.820303,1095.274459,1194.438214,1170.965533,1237.949295,1319.154995
Bermuda,BMU,GDP per capita (current US$),NY.GDP.PCAP.CD,102005.6256,106885.8785,111820.5815,113050.7369,116153.1661,107791.8864,114090.3283
Bhutan,BTN,GDP per capita (current US$),NY.GDP.PCAP.CD,2695.638773,2879.547121,3240.704766,3210.706269,3303.964211,3009.924171,3266.364905
Bolivia,BOL,GDP per capita (current US$),NY.GDP.PCAP.CD,2975.648811,3013.502708,3280.008213,3471.006951,3472.380831,3068.812555,3345.196589
Bosnia and Herzegovina,BIH,GDP per capita (current US$),NY.GDP.PCAP.CD,4599.901029,4858.775926,5255.807058,5936.101502,6011.370671,6012.062767,7143.310548
Botswana,BWA,GDP per capita (current US$),NY.GDP.PCAP.CD,5869.732943,6411.527159,6705.351862,6947.800812,6679.167674,5863.203241,6805.221274
Brazil,BRA,GDP per capita (current US$),NY.GDP.PCAP.CD,8783.225984,8680.768792,9896.684783,9121.083403,8845.259118,6794.489159,7507.160971
British Virgin Islands,VGB,GDP per capita (current US$),NY.GDP.PCAP.CD,..,..,..,..,..,..,..
Brunei Darussalam,BRN,GDP per capita (current US$),NY.GDP.PCAP.CD,30681.67944,26762.94565,28186.80303,31241.45396,30748.73749,27179.41199,31449.07656
Bulgaria,BGR,GDP per capita (current US$),NY.GDP.PCAP.CD,7074.681023,7569.478815,8366.293221,9446.717094,9879.334343,10129.81296,12221.49661
Burkina Faso,BFA,GDP per capita (current US$),NY.GDP.PCAP.CD,632.1266837,665.7863455,711.1846047,779.2027097,772.1668949,833.2443426,893.0771558
Burundi,BDI,GDP per capita (current US$),NY.GDP.PCAP.CD,289.3596333,242.0656705,243.1358094,231.4464765,216.9729681,216.8267413,221.4776762
Cabo Verde,CPV,GDP per capita (current US$),NY.GDP.PCAP.CD,2891.884482,2978.19942,3132.621798,3442.742003,3434.562745,2924.101807,3293.233054
Cambodia,KHM,GDP per capita (current US$),NY.GDP.PCAP.CD,1170.742816,1281.105964,1400.89926,1533.315985,1671.385385,1577.911747,1625.23502
Cameroon,CMR,GDP per capita (current US$),NY.GDP.PCAP.CD,1399.675331,1426.065517,1479.862349,1594.05999,1538.687947,1539.130559,1666.932734
Canada,CAN,GDP per capita (current US$),NY.GDP.PCAP.CD,43596.13554,42315.60371,45129.4293,46548.63841,46328.67184,43258.26387,51987.93905
Cayman Islands,CYM,GDP per capita (current US$),NY.GDP.PCAP.CD,77298.62806,78861.11927,81258.03776,85234.84272,89871.91314,83329.45877,86568.76964
Central African Republic,CAF,GDP per capita (current US$),NY.GDP.PCAP.CD,351.8797536,372.1354655,414.7402866,435.9322636,426.4087626,435.4692516,461.1374902
Chad,TCD,GDP per capita (current US$),NY.GDP.PCAP.CD,774.4116005,691.9800949,662.89753,720.265047,701.6212166,643.7722213,685.6902841
Channel Islands,CHI,GDP per capita (current US$),NY.GDP.PCAP.CD,..,..,..,..,..,..,..
Chile,CHL,GDP per capita (current US$),NY.GDP.PCAP.CD,13569.9478,13785.68833,15045.52768,15795.70846,14631.94688,13094.45953,16265.09598
China,CHN,GDP per capita (current US$),NY.GDP.PCAP.CD,8016.431435,8094.363367,8816.986905,9905.342004,10143.8382,10408.66976,12556.33312
Colombia,COL,GDP per capita (current US$),NY.GDP.PCAP.CD,6228.426299,5938.463856,6450.319585,6782.03792,6438.060183,5307.215228,6104.136709
Comoros,COM,GDP per capita (current US$),NY.GDP.PCAP.CD,1322.936695,1357.266263,1414.586566,1531.337972,1510.797358,1519.586823,1577.471027
"Congo, Dem. Rep.",COD,GDP per capita (current US$),NY.GDP.PCAP.CD,482.0645483,456.0279312,451.0890984,546.2125939,575.8827908,524.6666754,577.2092152
"Congo, Rep.",COG,GDP per capita (current US$),NY.GDP.PCAP.CD,2347.818499,1970.250249,2088.500117,2512.383979,2288.808138,1838.448139,2290.382891
Costa Rica,CRI,GDP per capita (current US$),NY.GDP.PCAP.CD,11529.95453,11899.81326,12118.13341,12383.14997,12669.34107,12132.87688,12472.44373
Cote d'Ivoire,CIV,GDP per capita (current US$),NY.GDP.PCAP.CD,1941.566336,1980.878142,2076.148,2275.49595,2238.811005,2288.119498,2549.041297
Croatia,HRV,GDP per capita (current US$),NY.GDP.PCAP.CD,11952.31118,12552.25538,13655.81594,15244.43105,15331.88305,14198.75396,17685.32528
Cuba,CUB,GDP per capita (current US$),NY.GDP.PCAP.CD,7683.757891,8055.889907,8543.360968,8831.907222,9139.415856,9499.590202,..
Curacao,CUW,GDP per capita (current US$),NY.GDP.PCAP.CD,19260.26985,18881.83062,18788.80728,18956.09797,19024.17715,16109.86175,17717.59648
Cyprus,CYP,GDP per capita (current US$),NY.GDP.PCAP.CD,23487.125,24715.73047,26697.17188,29418.93555,29417.13867,28036.18945,31551.81641
Czechia,CZE,GDP per capita (current US$),NY.GDP.PCAP.CD,17829.69832,18575.23203,20636.19995,23424.48046,23664.84786,22992.87938,26821.24523
Denmark,DNK,GDP per capita (current US$),NY.GDP.PCAP.CD,53254.85637,54663.99837,57610.09818,61591.92887,59592.98069,60915.4244,68007.75667
Djibouti,DJI,GDP per capita (current US$),NY.GDP.PCAP.CD,2409.311902,2545.738799,2655.73322,2755.838293,2876.043664,2917.996281,3150.436729
Dominica,DMA,GDP per capita (current US$),NY.GDP.PCAP.CD,7724.042411,8223.04145,7408.091301,7833.195013,8561.587011,7003.469891,7653.17187
Dominican Republic,DOM,GDP per capita (current US$),NY.GDP.PCAP.CD,6838.936594,7191.076572,7513.491343,7947.158207,8173.338007,7167.919159,8476.752157
Ecuador,ECU,GDP per capita (current US$),NY.GDP.PCAP.CD,6130.586676,6079.088736,6246.404252,6321.349401,6233.258167,5645.19929,5965.132871
"Egypt, Arab Rep.",EGY,GDP per capita (current US$),NY.GDP.PCAP.CD,3370.382447,3331.612461,2315.896627,2407.086543,2869.576588,3398.801432,3698.834981
El Salvador,SLV,GDP per capita (current US$),NY.GDP.PCAP.CD,3761.51368,3870.312982,3986.049014,4145.862351,4280.288404,3903.395839,4551.184661
Equatorial Guinea,GNQ,GDP per capita (current US$),NY.GDP.PCAP.CD,9788.983771,8035.30787,8410.39725,8719.186217,7317.390189,6327.599012,7506.667523
Eritrea,ERI,GDP per capita (current US$),NY.GDP.PCAP.CD,..,..,..,..,..,..,..
Estonia,EST,GDP per capita (current US$),NY.GDP.PCAP.CD,17402.03761,18295.34293,20437.76538,23165.84948,23424.48471,23595.24368,27943.70122
Eswatini,SWZ,GDP per capita (current US$),NY.GDP.PCAP.CD,3583.31129,3339.992899,3824.046783,4020.27305,3843.377391,3372.895601,3978.403528
Ethiopia,ETH,GDP per capita (current US$),NY.GDP.PCAP.CD,630.3126821,705.616305,755.7517677,758.2990596,840.4494515,918.6525941,925.077428
Faroe Islands,FRO,GDP per capita (current US$),NY.GDP.PCAP.CD,52726.74224,56834.06851,59328.17477,62576.98993,63383.19615,61980.29002,69010.3098
Fiji,FJI,GDP per capita (current US$),NY.GDP.PCAP.CD,5105.262627,5368.42324,5825.129207,6073.336388,5968.300559,4864.117047,4646.612723
Finland,FIN,GDP per capita (current US$),NY.GDP.PCAP.CD,42801.90812,43814.02651,46412.13648,49987.62616,48629.85823,49170.75215,53654.7503
France,FRA,GDP per capita (current US$),NY.GDP.PCAP.CD,36652.92231,37062.53357,38781.04949,41557.85486,40494.89829,39055.28293,43658.97898
French Polynesia,PYF,GDP per capita (current US$),NY.GDP.PCAP.CD,18252.51997,18726.64225,19743.95491,20614.89886,20023.5047,18910.38013,19914.60351
Gabon,GAB,GDP per capita (current US$),NY.GDP.PCAP.CD,7090.45461,6722.198393,6975.695793,7694.906045,7523.862278,6680.08267,8635.325694
"Gambia, The",GMB,GDP per capita (current US$),NY.GDP.PCAP.CD,611.6713342,640.6766789,632.0011462,683.3243631,722.8747931,704.029916,772.1523951
Georgia,GEO,GDP per capita (current US$),NY.GDP.PCAP.CD,4014.185944,4062.169888,4357.000936,4722.042423,4696.150586,4255.742993,5023.27438
Germany,DEU,GDP per capita (current US$),NY.GDP.PCAP.CD,41103.25644,42136.12079,44652.58917,47939.27829,46793.68676,46772.82535,51203.55447
Ghana,GHA,GDP per capita (current US$),NY.GDP.PCAP.CD,1711.290666,1900.405937,1998.73798,2180.04157,2167.911589,2176.579459,2363.299296
Gibraltar,GIB,GDP per capita (current US$),NY.GDP.PCAP.CD,..,..,..,..,..,..,..
Greece,GRC,GDP per capita (current US$),NY.GDP.PCAP.CD,18083.87791,17923.96681,18582.08934,19756.99046,19144.28439,17658.9473,20192.5963
Greenland,GRL,GDP per capita (current US$),NY.GDP.PCAP.CD,44536.40131,48181.87419,50766.59942,54545.29998,53256.24409,54571.20916,..
Grenada,GRD,GDP per capita (current US$),NY.GDP.PCAP.CD,8379.621847,8849.513535,9309.230667,9574.279873,9887.920742,8437.566732,9010.572245
Guam,GUM,GDP per capita (current US$),NY.GDP.PCAP.CD,34522.37793,35052.80791,35663.02504,35902.7259,37752.63308,34780.86166,35904.86355
Guatemala,GTM,GDP per capita (current US$),NY.GDP.PCAP.CD,3994.636913,4173.301666,4454.04815,4485.731255,4647.693347,4604.576679,5025.542291
Guinea,GIN,GDP per capita (current US$),NY.GDP.PCAP.CD,756.4255941,720.4732536,843.4642789,944.4172662,1043.899882,1073.659337,1189.175999
Guinea-Bissau,GNB,GDP per capita (current US$),NY.GDP.PCAP.CD,585.9570106,642.6664064,718.2457991,781.6443091,730.6114487,710.2581385,795.1185693
Guyana,GUY,GDP per capita (current US$),NY.GDP.PCAP.CD,5668.429765,5905.380196,6220.978568,6094.908859,6477.296726,6863.074346,9998.544311
Haiti,HTI,GDP per capita (current US$),NY.GDP.PCAP.CD,1404.155214,1305.571297,1384.038372,1494.224962,1324.844005,1283.14083,1829.593044
Honduras,HND,GDP per capita (current US$),NY.GDP.PCAP.CD,2257.222712,2295.538079,2403.304451,2457.688921,2519.370194,2354.119614,2771.717461
"Hong Kong SAR, China",HKG,GDP per capita (current US$),NY.GDP.PCAP.CD,42431.88828,43733.91636,46160.42979,48537.56689,48356.0635,46107.76528,49800.54241
Hungary,HUN,GDP per capita (current US$),NY.GDP.PCAP.CD,12717.0386,13104.69955,14621.2396,16425.1013,16782.95246,16120.98905,18728.12189
Iceland,ISL,GDP per capita (current US$),NY.GDP.PCAP.CD,52951.68151,61987.92636,72010.14903,74461.48,68853.71522,59200.17794,68727.63666
India,IND,GDP per capita (current US$),NY.GDP.PCAP.CD,1590.173918,1714.280355,1957.968841,1974.377788,2047.232704,1910.421473,2256.590409
Indonesia,IDN,GDP per capita (current US$),NY.GDP.PCAP.CD,3322.581688,3558.818852,3839.785069,3902.661668,4151.227543,3894.272202,4332.709281
"Iran, Islamic Rep.",IRN,GDP per capita (current US$),NY.GDP.PCAP.CD,4990.936798,5497.243227,5758.59072,3873.99534,3277.875596,2746.42045,4091.209187
Iraq,IRQ,GDP per capita (current US$),NY.GDP.PCAP.CD,4416.943049,4305.202702,4725.193573,5601.467061,5621.181695,4332.304125,4775.377454
Ireland,IRL,GDP per capita (current US$),NY.GDP.PCAP.CD,62053.98444,62895.91112,69970.94891,79250.38785,80927.07467,85420.19086,100172.0793
Isle of Man,IMN,GDP per capita (current US$),NY.GDP.PCAP.CD,84759.34595,82045.43884,83507.79761,89429.65459,87157.47146,..,..
Israel,ISR,GDP per capita (current US$),NY.GDP.PCAP.CD,36206.52222,37690.47395,41114.78171,42406.84543,44452.23256,44846.7916,52170.71186
Italy,ITA,GDP per capita (current US$),NY.GDP.PCAP.CD,30242.38614,30960.73151,32406.72032,34622.16967,33673.75096,31911.03579,35657.49756
Jamaica,JAM,GDP per capita (current US$),NY.GDP.PCAP.CD,5077.550622,5022.704717,5273.150744,5594.493935,5626.171177,4897.265897,5183.581305
Japan,JPN,GDP per capita (current US$),NY.GDP.PCAP.CD,34960.63938,39375.47316,38834.05293,39727.1166,40458.00188,39918.16756,39312.66037
Jordan,JOR,GDP per capita (current US$),NY.GDP.PCAP.CD,4064.253016,4003.404749,4073.116404,4146.407296,4205.563654,4042.76935,4103.258966
Kazakhstan,KAZ,GDP per capita (current US$),NY.GDP.PCAP.CD,10510.77189,7714.841844,9247.581331,9812.626371,9812.595808,9121.637138,10373.78979
Kenya,KEN,GDP per capita (current US$),NY.GDP.PCAP.CD,1496.652856,1562.076142,1675.973916,1845.78294,1970.105143,1936.424589,2081.799855
Kiribati,KIR,GDP per capita (current US$),NY.GDP.PCAP.CD,1459.133021,1506.246679,1563.550457,1605.01365,1432.178985,1430.551574,1606.462514
"Korea, Dem. People's Rep.",PRK,GDP per capita (current US$),NY.GDP.PCAP.CD,..,..,..,..,..,..,..
"Korea, Rep.",KOR,GDP per capita (current US$),NY.GDP.PCAP.CD,28732.23108,29288.87044,31616.8434,33436.92306,31902.4169,31721.29891,34997.78164
Kosovo,XKX,GDP per capita (current US$),NY.GDP.PCAP.CD,3520.766449,3759.560246,4009.380987,4384.048892,4416.108358,4310.811183,5269.783901
Kuwait,KWT,GDP per capita (current US$),NY.GDP.PCAP.CD,29310.52211,27029.99778,29263.08965,32007.52354,30667.34822,24300.32944,..
Kyrgyz Republic,KGZ,GDP per capita (current US$),NY.GDP.PCAP.CD,1121.082835,1120.666513,1242.769643,1308.140165,1374.032105,1182.5217,1276.700365
Lao PDR,LAO,GDP per capita (current US$),NY.GDP.PCAP.CD,2125.459057,2309.049076,2439.463355,2553.361866,2598.505523,2593.355097,2535.623432
Latvia,LVA,GDP per capita (current US$),NY.GDP.PCAP.CD,13786.4568,14331.75159,15695.11515,17865.03109,17945.22222,18207.13964,21148.16294
Lebanon,LBN,GDP per capita (current US$),NY.GDP.PCAP.CD,7802.751368,8172.299476,8679.897422,9225.845155,8985.572499,5599.957523,4136.146347
Lesotho,LSO,GDP per capita (current US$),NY.GDP.PCAP.CD,1113.871328,986.2659867,1062.712512,1161.7271,1102.56487,989.8471707,1094.098185
Liberia,LBR,GDP per capita (current US$),NY.GDP.PCAP.CD,699.6629469,722.1312268,706.892692,700.0370394,665.8784476,597.5296919,675.6631858
Libya,LBY,GDP per capita (current US$),NY.GDP.PCAP.CD,7867.571893,7944.827076,10529.26744,11838.00962,10542.14929,7568.042011,6357.19555
Liechtenstein,LIE,GDP per capita (current US$),NY.GDP.PCAP.CD,167805.9569,165844.9854,170874.2938,175283.6318,167019.6181,157754.9544,..
Lithuania,LTU,GDP per capita (current US$),NY.GDP.PCAP.CD,14263.96458,15008.31324,16885.40739,19186.35959,19595.14157,20339.52127,23723.34025
Luxembourg,LUX,GDP per capita (current US$),NY.GDP.PCAP.CD,105462.0126,106899.2935,110193.2138,116786.5117,112621.8213,117370.4969,133590.147
"Macao SAR, China",MAC,GDP per capita (current US$),NY.GDP.PCAP.CD,73220.26876,71918.73108,78985.64214,84923.38678,83183.16661,37646.3162,43873.59116
Madagascar,MDG,GDP per capita (current US$),NY.GDP.PCAP.CD,455.6380397,464.6161535,503.4980587,512.5439846,512.2796597,462.4042237,500.511032
Malawi,MWI,GDP per capita (current US$),NY.GDP.PCAP.CD,376.2462048,312.1427971,500.1655472,537.9322041,584.3628673,628.699482,634.8356601
Malaysia,MYS,GDP per capita (current US$),NY.GDP.PCAP.CD,9699.584021,9555.651202,9979.800841,11074.06409,11132.02393,10160.78325,11109.26184
Maldives,MDV,GDP per capita (current US$),NY.GDP.PCAP.CD,9434.331078,9640.324009,10062.98312,10823.63669,11118.55654,7282.358489,10366.29336
Mali,MLI,GDP per capita (current US$),NY.GDP.PCAP.CD,723.5042025,750.0518281,795.682733,856.3565318,840.175765,822.906144,873.7948624
Malta,MLT,GDP per capita (current US$),NY.GDP.PCAP.CD,24921.579,25624.46364,28823.52512,31567.94224,31198.24145,28977.56557,33486.67198
Marshall Islands,MHL,GDP per capita (current US$),NY.GDP.PCAP.CD,3703.649059,4153.117176,4507.622862,4769.190459,5188.971114,5567.972727,6172.145065
Mauritania,MRT,GDP per capita (current US$),NY.GDP.PCAP.CD,1562.725248,1579.198554,1634.643606,1749.954236,1839.96445,1868.466574,2166.046799
Mauritius,MUS,GDP per capita (current US$),NY.GDP.PCAP.CD,9509.934655,9967.881736,10844.03633,11645.98198,11405.72682,9007.419102,9106.237202
Mexico,MEX,GDP per capita (current US$),NY.GDP.PCAP.CD,9753.380048,8875.062256,9434.386487,9857.028829,10145.17018,8655.000682,10045.6805
"Micronesia, Fed. Sts.",FSM,GDP per capita (current US$),NY.GDP.PCAP.CD,2891.322103,3022.653627,3320.354976,3623.329337,3699.081514,3639.412699,3571.336769
Moldova,MDA,GDP per capita (current US$),NY.GDP.PCAP.CD,2731.065584,2879.391291,3509.64734,4232.206888,4493.370303,4500.624464,5230.661733
Monaco,MCO,GDP per capita (current US$),NY.GDP.PCAP.CD,170337.9244,174610.637,173612.8646,194280.8221,199377.4818,182538.6383,234315.4605
Mongolia,MNG,GDP per capita (current US$),NY.GDP.PCAP.CD,3919.351148,3690.756716,3708.248223,4165.022739,4394.947147,4041.174196,4566.140154
Montenegro,MNE,GDP per capita (current US$),NY.GDP.PCAP.CD,6517.163752,7033.604899,7803.411137,8850.092733,8909.653336,7677.152226,9465.703999
Morocco,MAR,GDP per capita (current US$),NY.GDP.PCAP.CD,3139.243652,3132.94458,3288.502197,3492.67334,3498.573975,3258.121338,3795.380127
Mozambique,MOZ,GDP per capita (current US$),NY.GDP.PCAP.CD,594.2265335,430.9931688,462.7001369,504.53589,508.1636746,449.9552098,491.8391128
Myanmar,MMR,GDP per capita (current US$),NY.GDP.PCAP.CD,1224.562343,1161.861778,1175.202557,1274.915657,1295.201448,1477.45287,1209.926942
Namibia,NAM,GDP per capita (current US$),NY.GDP.PCAP.CD,4965.68086,4614.881721,5453.570622,5687.399093,5126.176144,4251.172766,4865.557765
Nauru,NRU,GDP per capita (current US$),NY.GDP.PCAP.CD,7736.223636,8719.366526,9361.383343,10400.98907,9786.026526,9307.886768,10648.14139
Nepal,NPL,GDP per capita (current US$),NY.GDP.PCAP.CD,882.3074488,880.2244881,1027.965486,1161.534374,1185.682675,1139.190277,1208.218534
Netherlands,NLD,GDP per capita (current US$),NY.GDP.PCAP.CD,45193.40322,46039.10593,48675.22234,53044.53244,52476.27325,52162.57012,57767.87881
New Caledonia,NCL,GDP per capita (current US$),NY.GDP.PCAP.CD,32428.58249,32286.91529,33874.92376,36312.72787,34797.51866,34800.75951,37159.54677
New Zealand,NZL,GDP per capita (current US$),NY.GDP.PCAP.CD,38630.72659,40058.19616,42924.9956,43250.44097,42865.23364,41596.5055,48781.02663
Nicaragua,NIC,GDP per capita (current US$),NY.GDP.PCAP.CD,2025.324776,2079.448266,2127.280585,1981.85912,1890.273065,1863.109257,2045.535402
Niger,NER,GDP per capita (current US$),NY.GDP.PCAP.CD,481.1112995,497.0361334,514.5433128,567.3308067,550.9635555,564.8220018,590.6294548
Nigeria,NGA,GDP per capita (current US$),NY.GDP.PCAP.CD,2679.554765,2144.779938,1941.879485,2125.834282,2204.181574,2074.613928,2065.749068
North Macedonia,MKD,GDP per capita (current US$),NY.GDP.PCAP.CD,4861.553971,5149.589074,5450.492881,6108.740108,6070.388054,5965.450232,6694.641126
Northern Mariana Islands,MNP,GDP per capita (current US$),NY.GDP.PCAP.CD,17665.10075,24054.91561,30751.64107,25882.63359,23707.32881,..,..
Norway,NOR,GDP per capita (current US$),NY.GDP.PCAP.CD,74355.51586,70460.56053,75496.75406,82267.80932,75719.7529,67329.67779,89154.27609
Oman,OMN,GDP per capita (current US$),NY.GDP.PCAP.CD,18777.43306,17082.2062,17802.57512,19887.57431,19132.15227,16707.62301,19509.46646
Pakistan,PAK,GDP per capita (current US$),NY.GDP.PCAP.CD,1282.443153,1468.821421,1567.640986,1620.742857,1437.165907,1322.315036,1505.010193
Palau,PLW,GDP per capita (current US$),NY.GDP.PCAP.CD,15761.36338,16743.37674,16011.66115,15948.27586,15567.09087,14016.2475,12083.88815
Panama,PAN,GDP per capita (current US$),NY.GDP.PCAP.CD,13669.55944,14382.23238,15185.97248,15588.33733,15826.08235,12569.17154,14617.60448
Papua New Guinea,PNG,GDP per capita (current US$),NY.GDP.PCAP.CD,2502.084291,2332.69748,2495.131383,2584.298769,2593.80465,2446.066306,2672.94579
Paraguay,PRY,GDP per capita (current US$),NY.GDP.PCAP.CD,5861.401895,5759.042198,6136.058301,6242.961454,5807.838794,5353.348065,5891.499965
Peru,PER,GDP per capita (current US$),NY.GDP.PCAP.CD,6180.194957,6163.791026,6676.284221,6912.110297,6955.809959,6056.343903,6621.574336
Philippines,PHL,GDP per capita (current US$),NY.GDP.PCAP.CD,2974.299531,3038.149734,3077.43564,3194.674521,3413.847924,3224.422551,3460.530963
Poland,POL,GDP per capita (current US$),NY.GDP.PCAP.CD,12560.05142,12378.75944,13815.6218,15504.58048,15699.91135,15816.9894,17999.90995
Portugal,PRT,GDP per capita (current US$),NY.GDP.PCAP.CD,19250.10654,19991.97249,21490.42986,23562.55452,23330.81729,22242.40642,24567.50927
Puerto Rico,PRI,GDP per capita (current US$),NY.GDP.PCAP.CD,29763.4883,30627.1634,31108.76057,31615.06679,32916.8668,31393.90737,32640.71034
Qatar,QAT,GDP per capita (current US$),NY.GDP.PCAP.CD,66984.9102,58467.23557,59407.69805,66264.08117,62637.27511,52315.66008,66838.35743
Romania,ROU,GDP per capita (current US$),NY.GDP.PCAP.CD,8976.880535,9404.341874,10727.94969,12494.47747,12958.07556,13047.43206,14858.22943
Russian Federation,RUS,GDP per capita (current US$),NY.GDP.PCAP.CD,9313.013672,8704.898438,10720.33301,11287.36035,11536.25098,10169.08691,12194.77734
Rwanda,RWA,GDP per capita (current US$),NY.GDP.PCAP.CD,733.4411218,728.43449,756.5476411,769.4373107,806.8799811,774.6892594,822.3479886
Samoa,WSM,GDP per capita (current US$),NY.GDP.PCAP.CD,4048.513876,4105.834468,4261.653789,4188.988532,4308.272753,4042.751224,3857.318464
San Marino,SMR,GDP per capita (current US$),NY.GDP.PCAP.CD,42281.64347,43399.4583,44885.79714,48462.96032,47287.39839,45320.20872,..
Sao Tome and Principe,STP,GDP per capita (current US$),NY.GDP.PCAP.CD,1571.49854,1688.375303,1805.524651,1950.629352,1991.738264,2161.310196,2360.543554
Saudi Arabia,SAU,GDP per capita (current US$),NY.GDP.PCAP.CD,19977.79469,19300.05001,20138.14633,23318.73817,22430.23823,19539.56581,23185.87079
Senegal,SEN,GDP per capita (current US$),NY.GDP.PCAP.CD,1238.126396,1290.750004,1385.199333,1484.239673,1462.354333,1490.203137,1636.893209
Serbia,SRB,GDP per capita (current US$),NY.GDP.PCAP.CD,5588.980728,5765.200762,6292.543629,7252.401858,7417.203649,7733.802869,9230.178316
Seychelles,SYC,GDP per capita (current US$),NY.GDP.PCAP.CD,15157.53029,15740.13032,16416.77619,16910.68818,17253.50566,12808.98747,14653.30939
Sierra Leone,SLE,GDP per capita (current US$),NY.GDP.PCAP.CD,576.7402317,490.3705888,484.4464498,519.6500156,506.6068944,493.4787775,480.0392113
Singapore,SGP,GDP per capita (current US$),NY.GDP.PCAP.CD,55646.61875,56860.41324,61150.7272,66859.33834,65831.18943,60729.45035,72794.00302
Sint Maarten (Dutch part),SXM,GDP per capita (current US$),NY.GDP.PCAP.CD,32274.89055,31616.6817,29369.05683,28988.25921,..,..,..
Slovak Republic,SVK,GDP per capita (current US$),NY.GDP.PCAP.CD,16390.88217,16563.4405,17585.197,19486.39368,19383.48104,19545.74282,21391.92533
Slovenia,SVN,GDP per capita (current US$),NY.GDP.PCAP.CD,20890.16643,21678.35947,23514.02546,26123.74713,26016.07868,25545.241,29291.40062
Solomon Islands,SLB,GDP per capita (current US$),NY.GDP.PCAP.CD,2134.802451,2196.270903,2283.576156,2450.484428,2398.772757,2222.465636,2304.844567
Somalia,SOM,GDP per capita (current US$),NY.GDP.PCAP.CD,387.6079944,387.1866816,377.349072,379.9860027,405.7867633,416.2177747,446.9815596
South Africa,ZAF,GDP per capita (current US$),NY.GDP.PCAP.CD,6204.929901,5735.066787,6734.475153,7048.522211,6688.787271,5741.643129,7055.044776
South Sudan,SSD,GDP per capita (current US$),NY.GDP.PCAP.CD,1071.777765,..,..,..,..,..,..
Spain,ESP,GDP per capita (current US$),NY.GDP.PCAP.CD,25754.36103,26537.15949,28185.32137,30379.72111,29581.51855,26959.67544,30103.51373
Sri Lanka,LKA,GDP per capita (current US$),NY.GDP.PCAP.CD,4060.131785,4150.934408,4401.056075,4360.583634,4082.69462,3893.841515,4013.687657
St. Kitts and Nevis,KNA,GDP per capita (current US$),NY.GDP.PCAP.CD,20025.96235,21095.25404,22160.44861,22547.91799,23219.33142,18566.09559,18082.61019
St. Lucia,LCA,GDP per capita (current US$),NY.GDP.PCAP.CD,10290.37891,10574.38891,11270.47161,11563.83747,11726.76977,8458.162761,9414.226231
St. Martin (French part),MAF,GDP per capita (current US$),NY.GDP.PCAP.CD,..,..,..,..,..,..,..
St. Vincent and the Grenadines,VCT,GDP per capita (current US$),NY.GDP.PCAP.CD,7386.737595,7684.779208,8030.585057,8399.694011,8674.371009,8335.256476,8666.387041
Sudan,SDN,GDP per capita (current US$),NY.GDP.PCAP.CD,2226.421631,2614.300293,3188.75,769.8691406,748.0109253,608.3325195,751.8213501
Suriname,SUR,GDP per capita (current US$),NY.GDP.PCAP.CD,8907.751222,5705.426967,6112.851175,6730.846883,6690.044786,4796.533314,4869.134226
Sweden,SWE,GDP per capita (current US$),NY.GDP.PCAP.CD,51545.48361,51965.15715,53791.50873,54589.06039,51939.42974,52837.90398,61028.73806
Switzerland,CHE,GDP per capita (current US$),NY.GDP.PCAP.CD,83806.4476,82153.07454,82254.37693,85217.36915,84121.93103,85656.32267,91991.60046
Syrian Arab Republic,SYR,GDP per capita (current US$),NY.GDP.PCAP.CD,857.4978675,664.3416723,862.3190638,1104.392448,1116.679246,533.3852317,..
Tajikistan,TJK,GDP per capita (current US$),NY.GDP.PCAP.CD,970.3652238,801.3912831,844.3693648,850.6685075,889.0202624,852.3336702,897.0475103
Tanzania,TZA,GDP per capita (current US$),NY.GDP.PCAP.CD,928.8064575,942.4729614,976.2122192,1010.937622,1052.021729,1042.09668,1099.287598
Thailand,THA,GDP per capita (current US$),NY.GDP.PCAP.CD,5708.796925,5854.461088,6436.791746,7124.564544,7630.03961,6990.935503,7066.190546
Timor-Leste,TLS,GDP per capita (current US$),NY.GDP.PCAP.CD,1322.300913,1347.926336,1283.52585,1239.366122,1584.263844,1660.30834,2741.393931
Togo,TGO,GDP per capita (current US$),NY.GDP.PCAP.CD,559.4457465,787.2801816,814.4199071,883.8678323,875.9326592,897.1945754,973.2061291
Tonga,TON,GDP per capita (current US$),NY.GDP.PCAP.CD,4117.960717,3978.356954,4367.302044,4649.57939,4879.017342,4606.064552,4426.000637
Trinidad and Tobago,TTO,GDP per capita (current US$),NY.GDP.PCAP.CD,18389.53103,15991.10879,16094.66678,16164.16133,15690.9631,13871.79822,16032.50277
Tunisia,TUN,GDP per capita (current US$),NY.GDP.PCAP.CD,3960.97533,3796.16792,3569.755725,3577.124412,3477.883777,3497.68141,3807.13915
Turkiye,TUR,GDP per capita (current US$),NY.GDP.PCAP.CD,10851.95413,10734.37997,10464.1014,9400.778214,9103.043375,8561.070948,9661.235975
Turkmenistan,TKM,GDP per capita (current US$),NY.GDP.PCAP.CD,6208.296655,6163.253406,6354.53283,6721.34954,7344.648233,..,..
Turks and Caicos Islands,TCA,GDP per capita (current US$),NY.GDP.PCAP.CD,25783.2941,26995.03216,25659.19586,26831.97146,27795.14856,20882.26127,20908.5827
Tuvalu,TUV,GDP per capita (current US$),NY.GDP.PCAP.CD,3384.357776,3836.112926,4175.993524,4401.131201,4949.173888,4973.774561,5632.002993
Uganda,UGA,GDP per capita (current US$),NY.GDP.PCAP.CD,864.1800623,753.6844086,766.1776058,793.1280811,823.1389505,846.7672013,883.8920323
Ukraine,UKR,GDP per capita (current US$),NY.GDP.PCAP.CD,2124.662354,2187.730469,2638.326172,3096.561768,3661.456299,3751.740723,4835.571777
United Arab Emirates,ARE,GDP per capita (current US$),NY.GDP.PCAP.CD,41525.1389,41054.53957,43063.96748,46722.26872,45376.17084,37629.17417,44315.55418
United Kingdom,GBR,GDP per capita (current US$),NY.GDP.PCAP.CD,45071.07432,41146.07736,40621.33448,43306.3083,42747.08046,40318.55757,46510.28278
United States,USA,GDP per capita (current US$),NY.GDP.PCAP.CD,56762.72945,57866.74493,59907.75426,62823.30944,65120.39466,63530.63348,70248.629
Uruguay,URY,GDP per capita (current US$),NY.GDP.PCAP.CD,15655.937,16766.42526,18769.78752,18825.28381,17859.9315,15619.54266,17313.18835
Uzbekistan,UZB,GDP per capita (current US$),NY.GDP.PCAP.CD,2753.971072,2704.677188,1916.764642,1597.068337,1784.009816,1749.655815,1983.064723
Vanuatu,VUT,GDP per capita (current US$),NY.GDP.PCAP.CD,2643.886085,2757.203306,3032.197958,3076.835315,3076.589886,2877.520173,2996.621062
"Venezuela, RB",VEN,GDP per capita (current US$),NY.GDP.PCAP.CD,..,..,..,..,..,..,..
Vietnam,VNM,GDP per capita (current US$),NY.GDP.PCAP.CD,2595.234979,2760.717105,2992.071742,3267.225009,3491.091274,3586.347302,3756.489121
Virgin Islands (U.S.),VIR,GDP per capita (current US$),NY.GDP.PCAP.CD,34007.35294,35324.97489,35365.0693,36653.86305,38596.03071,39552.1686,..
West Bank and Gaza,PSE,GDP per capita (current US$),NY.GDP.PCAP.CD,3272.154324,3527.613824,3620.360487,3562.330943,3656.858271,3233.568638,3663.969055
"Yemen, Rep.",YEM,GDP per capita (current US$),NY.GDP.PCAP.CD,1488.416482,1069.817122,893.7165729,701.7148778,..,..,..
Zambia,ZMB,GDP per capita (current US$),NY.GDP.PCAP.CD,1307.909649,1249.923143,1495.752138,1475.204538,1268.120941,956.8313639,1137.343633
Zimbabwe,ZWE,GDP per capita (current US$),NY.GDP.PCAP.CD,1410.329174,1421.787789,1192.107012,2269.177012,1421.868596,1372.696674,1773.920411